category,result,original_filename,recommended_filename,used_by_python
FEA,baseline total deformation,README_Screenshot2_Linear_Baseline_Total_Deformation.png,ansys_baseline_total_deformation.png,yes
FEA,baseline equivalent stress,README_Screenshot3_Linear_Baseline_Equivalent_Stress.png,ansys_baseline_equivalent_stress.png,yes
FEA,baseline first buckling mode,Buckling_Mode_1_LF_0.45096.png,ansys_baseline_buckling_mode_01.png,yes
Sizing,baseline mass,Sizing_01_Baseline_Mass_9679kg.png,ansys_sizing_baseline_mass.png,yes
Sizing,baseline shell thickness,Sizing_02_Baseline_Shell_Thickness.png,ansys_sizing_baseline_thickness.png,no
Sizing,reduced shell thickness,Sizing_03_Reduced_Shell_Thickness.png,ansys_sizing_reduced_thickness.png,no
Sizing,reduced mass,Sizing_04_Reduced_Mass_8601kg.png,ansys_sizing_reduced_mass.png,yes
Sizing,reduced total deformation,Sizing_05_Reduced_Total_Deformation_33068m.png,ansys_sizing_reduced_total_deformation.png,yes
Sizing,reduced equivalent stress,Sizing_06_Reduced_Equivalent_Stress_23046Mpa.png,ansys_sizing_reduced_equivalent_stress.png,yes
Sizing,reduced first buckling mode,Sizing_07_Reduced_Buckling_Model_LF03562.png,ansys_sizing_reduced_buckling_mode_01.png,yes
Mesh,coarse deformation,mesh_convergence_coarse_8159_elements_deformation.png,ansys_mesh_coarse_deformation.png,yes
Mesh,coarse equivalent stress,mesh_convergence_coarse_8159_elements_von_mises_stress.png,ansys_mesh_coarse_equivalent_stress.png,yes
Mesh,refined deformation,mesh_convergence_refined_57260_elements_deformation.png,ansys_mesh_refined_deformation.png,yes
Mesh,refined equivalent stress,mesh_convergence_refined_57260_elements_von_mises_stress.png,ansys_mesh_refined_equivalent_stress.png,yes
CAD,assembled wing-box,CATIA_01_Wingbox_Assembly.png,catia_wingbox_assembly.png,no
CAD,internal structure,CATIA_01_Internal_Structure.png,catia_wingbox_internal_structure.png,no
CAD,parametric skin feature,CATIA_03_Parametric_Skin_Thickness.png,catia_parametric_skin_feature.png,no
